Workbook

Sheet Office Equipment
A1: Fixed Width Delimiting is Your Best Bet Year as the data is not nicely delimited
A2: OrderID Customer Product Category OrderDate Quantity Price
A3: 1001 Alice Laptop Electronics 1/4/2025 1 1200
A4: 1002 Brian Headphones Electronics 1/5/2025 2 150
A5: 1003 Alice Notebook Office 1/7/2025 5 3
A6: 1004 David Desk Chair Furniture 1/10/2025 1 95
A7: 1005 Emily Monitor Electronics 1/11/2025 1 260
A8: 1006 Brian Pencil Pack Office 1/11/2025 10 1.5
A9: 1007 Alice Desk Lamp Furniture 1/12/2025 1 40
A10: 1008 Sarah Keyboard Electronics 1/14/2025 1 75
A11: 1009 Brian Notebook Office 1/15/2025 3 3
A12: 1010 Emily Filing Shelf Furniture 1/16/2025 1 130
... A17: 1015 Alice Notebook Office 1/20/2025 2 3

Sheet Fruit
A1: Delimiting by space should work here since there no columns with two words
A2: ID Name Category Amount
A3: 101 Apple Fruit 5
A4: 102 Banana Fruit 3
A5: 103 Carrot Vegetable 4
A6: 101 Apple Fruit 5
A7: 104 Orange Fruit 2
A8: 105 Spinach Vegetable 6
A9: 102 Banana Fruit 3
A10: 106 Potato Vegetable 4
A11: 107 Mango Fruit 5
A12: 107 Mango Fruit 5

Sheet Merge Example
A2: Table A: Portfolio Holdings by Stock Ticker | J2: Table B: Market Data by Stock Ticker
A3: We know this is our Primary Key | E3: Merged Columns from Table B (A Left Join B) | J3: We know this is our Primary Key | N3: Merged Columns from Table B (B Left Join A, or A Right Join B)
A4: Ticker | B4: PositionID | C4: Shares | D4: PurchasePrice | E4: LastPrice | F4: MarketCap_Bn | J4: Ticker | K4: Sector | L4: LastPrice | M4: MarketCap_Bn | N4: Shares | O4: PurchasePrice
A5: AAPL | B5: 101 | C5: 150 | D5: 145 | E5: =_xlfn.XLOOKUP(A5, 'Merge Example'!$J$5:$J$12, 'Merge Example'!$L$5:$L$12,"Not found") -> 190 | F5: =_xlfn.XLOOKUP(A5, 'Merge Example'!$J$5:$J$12, 'Merge Example'!$M$5:$M$12,"Not found") -> 2900 | J5: AAPL | K5: Technology | L5: 190 | M5: 2900 | N5: =_xlfn.XLOOKUP(J5, 'Merge Example'!$A$5:$A$12, 'Merge Example'!$C$5:$C$12,"Not found") -> 150 | O5: =_xlfn.XLOOKUP(J5, 'Merge Example'!$A$5:$A$12, 'Merge Example'!$D$5:$D$12,"Not found") -> 145
A6: MSFT | B6: 102 | C6: 200 | D6: 250 | E6: =_xlfn.XLOOKUP(A6, 'Merge Example'!$J$5:$J$12, 'Merge Example'!$L$5:$L$12,"Not found") -> 320 | F6: =_xlfn.XLOOKUP(A6, 'Merge Example'!$J$5:$J$12, 'Merge Example'!$M$5:$M$12,"Not found") -> 2600 | J6: MSFT | K6: Technology | L6: 320 | M6: 2600 | N6: =_xlfn.XLOOKUP(J6, 'Merge Example'!$A$5:$A$12, 'Merge Example'!$C$5:$C$12,"Not found") -> 200 | O6: =_xlfn.XLOOKUP(J6, 'Merge Example'!$A$5:$A$12, 'Merge Example'!$D$5:$D$12,"Not found") -> 250
A7: GOOG | B7: 103 | C7: 80 | D7: 2700 | E7: =_xlfn.XLOOKUP(A7, 'Merge Example'!$J$5:$J$12, 'Merge Example'!$L$5:$L$12,"Not found") -> 2850 | F7: =_xlfn.XLOOKUP(A7, 'Merge Example'!$J$5:$J$12, 'Merge Example'!$M$5:$M$12,"Not found") -> 1900 | J7: GOOG | K7: Communication Services | L7: 2850 | M7: 1900 | N7: =_xlfn.XLOOKUP(J7, 'Merge Example'!$A$5:$A$12, 'Merge Example'!$C$5:$C$12,"Not found") -> 80 | O7: =_xlfn.XLOOKUP(J7, 'Merge Example'!$A$5:$A$12, 'Merge Example'!$D$5:$D$12,"Not found") -> 2700
A8: TSLA | B8: 104 | C8: 50 | D8: 650 | E8: =_xlfn.XLOOKUP(A8, 'Merge Example'!$J$5:$J$12, 'Merge Example'!$L$5:$L$12,"Not found") -> 720 | F8: =_xlfn.XLOOKUP(A8, 'Merge Example'!$J$5:$J$12, 'Merge Example'!$M$5:$M$12,"Not found") -> 900 | J8: TSLA | K8: Consumer Discretionary | L8: 720 | M8: 900 | N8: =_xlfn.XLOOKUP(J8, 'Merge Example'!$A$5:$A$12, 'Merge Example'!$C$5:$C$12,"Not found") -> 50 | O8: =_xlfn.XLOOKUP(J8, 'Merge Example'!$A$5:$A$12, 'Merge Example'!$D$5:$D$12,"Not found") -> 650
A9: JPM | B9: 105 | C9: 300 | D9: 160 | E9: =_xlfn.XLOOKUP(A9, 'Merge Example'!$J$5:$J$12, 'Merge Example'!$L$5:$L$12,"Not found") -> 175 | F9: =_xlfn.XLOOKUP(A9, 'Merge Example'!$J$5:$J$12, 'Merge Example'!$M$5:$M$12,"Not found") -> 520 | J9: AMZN | K9: Consumer Discretionary | L9: 140 | M9: 1500 | N9: =_xlfn.XLOOKUP(J9, 'Merge Example'!$A$5:$A$12, 'Merge Example'!$C$5:$C$12,"Not found") -> Not found | O9: =_xlfn.XLOOKUP(J9, 'Merge Example'!$A$5:$A$12, 'Merge Example'!$D$5:$D$12,"Not found") -> Not found
A10: XOM | B10: 106 | C10: 400 | D10: 55 | E10: =_xlfn.XLOOKUP(A10, 'Merge Example'!$J$5:$J$12, 'Merge Example'!$L$5:$L$12,"Not found") -> 62 | F10: =_xlfn.XLOOKUP(A10, 'Merge Example'!$J$5:$J$12, 'Merge Example'!$M$5:$M$12,"Not found") -> 260 | J10: META | K10: Communication Services | L10: 330 | M10: 900 | N10: =_xlfn.XLOOKUP(J10, 'Merge Example'!$A$5:$A$12, 'Merge Example'!$C$5:$C$12,"Not found") -> Not found | O10: =_xlfn.XLOOKUP(J10, 'Merge Example'!$A$5:$A$12, 'Merge Example'!$D$5:$D$12,"Not found") -> Not found
A11: NFLX | B11: 107 | C11: 120 | D11: 500 | E11: =_xlfn.XLOOKUP(A11, 'Merge Example'!$J$5:$J$12, 'Merge Example'!$L$5:$L$12,"Not found") -> Not found | F11: =_xlfn.XLOOKUP(A11, 'Merge Example'!$J$5:$J$12, 'Merge Example'!$M$5:$M$12,"Not found") -> Not found | J11: JPM | K11: Financials | L11: 175 | M11: 520 | N11: =_xlfn.XLOOKUP(J11, 'Merge Example'!$A$5:$A$12, 'Merge Example'!$C$5:$C$12,"Not found") -> 300 | O11: =_xlfn.XLOOKUP(J11, 'Merge Example'!$A$5:$A$12, 'Merge Example'!$D$5:$D$12,"Not found") -> 160
J12: XOM | K12: Energy | L12: 62 | M12: 260 | N12: =_xlfn.XLOOKUP(J12, 'Merge Example'!$A$5:$A$12, 'Merge Example'!$C$5:$C$12,"Not found") -> 400 | O12: =_xlfn.XLOOKUP(J12, 'Merge Example'!$A$5:$A$12, 'Merge Example'!$D$5:$D$12,"Not found") -> 55
E14: If we wanted to inner join, can drop the not found columns from either of the two joins above
E15: If we wanted to full outerjoin, would need to append the two joins above, then delete any duplicates
